"id","product","cpu","ram","price","typename","inches","screenresolution","memory","gpu","opsys","weight","image","recommended","selected","headset","keyboard","mouse","checkout"
9,"Inspiron 3567","Intel Core i3 6006U 2GHz",4,33009,"Notebook","15.6","1366x768","1TB HDD","Intel HD Graphics 520","Windows 10","2.3kg","Inspiron 3567.jpg",0,0,"KB216 ","UC300 with Mic","WM118 optical",0
127,"Vostro 5568","Intel Core i5 7200U 2.5GHz",4,71950,"Notebook","15.6","Full HD 1920x1080","128GB SSD +  1TB HDD","Nvidia GeForce 940MX","Windows 10","2.18kg","Vostro.jpg",0,0,"KB216 ","UC300 with Mic","MS111 optical",0
117,"Inspiron 5577","Intel Core i5 7300HQ 2.5GHz",8,69309,"Gaming","15.6","Full HD 1920x1080","256GB SSD","Nvidia GeForce GTX 1050","Windows 10","2.56kg","Inspiron 5577.jpg",0,0,"KB216 ","UC150 with Mic","MS111 optical",0
87,"Inspiron 5570","Intel Core i5 8250U 1.6GHz",4,61187,"Notebook","15.6","Full HD 1920x1080","1TB HDD","AMD Radeon 530","Windows 10","2.2kg","Inspiron 5570.jpg",0,0,"WD4XO","UC150 with Mic","MS116 optical",0
200,"Alienware 15","Intel Core i7 6700HQ 2.6GHz",16,104791,"Gaming","15.6","4K Ultra HD 3840x2160","256GB SSD +  1TB HDD","Nvidia GeForce GTX 970M","Windows 10","3.21kg","Alienware 15.jpg",0,0,"WD4XO","UC150 with Mic","MS116 optical",0
176,"Latitude 5490","Intel Core i5 8250U 1.6GHz",8,90598,"Ultrabook","14.0","Full HD 1920x1080","256GB SSD","Intel UHD Graphics 620","Windows 10","1.6kg","Latitude.jpg",0,0,"KB216 ","UC300 with Mic","MS111 optical",0
65,"Inspiron 5567","Intel Core i7 7500U 2.7GHz",12,56225,"Notebook","15.6","1366x768","1TB HDD","Intel HD Graphics 620","Windows 10","2.3kg","Inspiron 5567.jpg",5,1,"KB216 ","UC300 with Mic","WM118 optical",1
2,"Chromebook 11","Intel Celeron Dual Core N3060 1.6GHz",4,23260,"Netbook","11.6","1366x768","16GB Flash Storage","Intel HD Graphics 400","Chrome OS","1.26kg","Chromebook 11.jpg",0,0,"WD4XO","UC150 with Mic","MS116 optical",0
3,"Inspiron 3552","Intel Celeron Dual Core N3060 1.60GHz",4,24364,"Notebook","15.6","1366x768","500GB HDD","Intel HD Graphics 400","Windows 10","1.8kg","Inspiron 3552.jpg",0,0,"KB216 ","UC150 with Mic","MS111 optical",0
190,"Inspiron 5577","Intel Core i7 7700HQ 2.8GHz",16,98504,"Gaming","15.6","Full HD 1920x1080","512GB SSD","Nvidia GeForce GTX 1050","Windows 10","2.56kg","Inspiron 5577.jpg",0,0,"KB216 ","UC300 with Mic","WM118 optical",0
182,"Inspiron 5567","Intel Core i7 7500U 2.7GHz",16,93143,"Notebook","15.6","Full HD 1920x1080","256GB SSD","AMD Radeon R7 M445","Windows 10","2.3kg","Inspiron 5567.jpg",0,0,"KB216 ","UC300 with Mic","MS111 optical",0
183,"Inspiron 7577","Intel Core i5 7300HQ 2.5GHz",8,94225,"Gaming","15.6","Full HD 1920x1080","256GB SSD","Nvidia GeForce GTX 1060","Windows 10","2.65kg","Inspiron 7577.jpg",0,1,"KB216 ","UC300 with Mic","MS111 optical",1
26,"Inspiron 5567","Intel Core i3 6006U 2.0GHz",4,39346,"Notebook","15.6","1366x768","128GB SSD","AMD Radeon R7 M440","Windows 10","2.3kg","Inspiron 5567.jpg",0,0,"DE-KB-2234","UC300 with Mic","WM126 optical red",0
122,"Vostro 5568","Intel Core i7 7500U 2.7GHz",8,70571,"Notebook","15.6","Full HD 1920x1080","256GB SSD","Nvidia GeForce GT 940MX","Linux","1.98kg","Vostro.jpg",0,1,"KB216 ","UC300 with Mic","MS111 optical",1
6,"Inspiron 3552","Intel Pentium Quad Core N3710 1.6GHz",4,29095,"Notebook","15.6","1366x768","500GB HDD","Intel HD Graphics","Windows 10","2.2kg","Inspiron 3552.jpg",0,0,"KB216 ","UC150 with Mic","MS111 optical",0
46,"Vostro 3568","Intel Core i3 6006U 2.0GHz",4,48413,"Notebook","15.6","1366x768","1TB HDD","AMD Radeon R5 M420X","Windows 10","2.18kg","Vostro.jpg",0,0,"WD4XO","UC150 with Mic","MS111 optical",0
10,"Inspiron 3567","Intel Core i3 6006U 2.0GHz",4,33747,"Notebook","15.6","Full HD 1920x1080","1TB HDD","AMD Radeon R5 M430","Linux","2.25kg","Inspiron 3567.jpg",0,0,"KB216 ","UC300 with Mic","WM118 optical",0
48,"Inspiron 5567","Intel Core i5 7200U 2.5GHz",8,50369,"Notebook","15.6","Full HD 1920x1080","1TB HDD","AMD Radeon R7 M445","Windows 10","2.36kg","Inspiron 5567.jpg",0,0,"KB216 ","UC300 with Mic","WM118 optical",0
25,"Inspiron 3567","Intel Core i3 6006U 2GHz",4,39338,"Notebook","15.6","Full HD 1920x1080","256GB SSD","AMD Radeon R5 M430","Windows 10","2.2kg","Inspiron 3567.jpg",0,0,"DE-KB-2234","UC300 with Mic","WM126 optical red",0
22,"Latitude 3570","Intel Core i3 6100U 2.3GHz",4,38004,"Notebook","15.6","1366x768","500GB HDD","Intel HD Graphics 520","Windows 10","2.06kg","Latitude.jpg",0,0,"DE-KB-2234","UC300 with Mic","WM126 optical red",0
33,"Inspiron 3567","Intel Core i5 7200U 2.5GHz",8,43948,"Notebook","15.6","Touchscreen 1366x768","2TB HDD","Intel HD Graphics 620","Windows 10","2.36kg","Inspiron 3567.jpg",5,0,"WD4XO","UC150 with Mic","MS111 optical",0
81,"Inspiron 3567","Intel Core i7 7500U 2.7GHz",8,59059,"Notebook","15.6","Full HD 1920x1080","256GB SSD","AMD Radeon R5 M430","Linux","2.2kg","Inspiron 3567.jpg",5,0,"KB216 ","UC300 with Mic","WM126 optical red",0
91,"Vostro 5568","Intel Core i5 7200U 2.5GHz",8,62685,"Notebook","15.6","Full HD 1920x1080","256GB SSD","Intel HD Graphics 620","Windows 10","2.18kg","Vostro.jpg",0,0,"WD4XO","UC150 with Mic","MS116 optical",0
83,"Latitude 3480","Intel Core i5 6200U 2.3GHz",4,59531,"Notebook","14.0","1366x768","500GB HDD","Intel HD Graphics 520","Windows 10","1.76kg","Latitude.jpg",0,0,"KB216 ","UC300 with Mic","WM126 optical red",0
12,"Vostro 3568","Intel Core i3 6006U 2.0GHz",4,35001,"Notebook","15.6","1366x768","1TB HDD","Intel HD Graphics 520","Linux","2.18kg","Vostro.jpg",0,0,"KB216 ","UC300 with Mic","WM118 optical",0
19,"Inspiron 3567","Intel Core i3 6006U 2.0GHz",4,36714,"Notebook","15.6","1366x768","1TB HDD","AMD Radeon R5 M430","Linux","2.25kg","Inspiron 3567.jpg",0,0,"DE-KB-2234","UC300 with Mic","WM126 optical red",0
39,"Latitude 3480","Intel Core i3 6006U 2GHz",4,46127,"Notebook","14.0","1366x768","500GB HDD","Intel HD Graphics 520","Windows 10","1.76kg","Latitude.jpg",0,0,"WD4XO","UC150 with Mic","MS111 optical",0
24,"Vostro 3568","Intel Core i3 6006U 2GHz",4,38636,"Notebook","15.6","1366x768","500GB HDD","Intel HD Graphics 520","Windows 10","2.29kg","Vostro.jpg",0,0,"DE-KB-2234","UC300 with Mic","WM126 optical red",0
63,"Latitude 3380","Intel Core i3 6006U 2GHz",4,54327,"Notebook","13.3","1366x768","128GB SSD","Intel HD Graphics 520","Windows 10","1.65kg","Latitude.jpg",0,0,"KB216 ","UC300 with Mic","WM118 optical",0
152,"Inspiron 5579","Intel Core i7 8550U 1.8GHz",8,82713,"2 in 1 Convertible","15.6","Full HD / Touchscreen 1920x1080","256GB SSD","Intel UHD Graphics 620","Windows 10","1.56kg","Inspiron.jpg",0,0,"WD4XO","UC150 with Mic","MS116 optical",0
198,"Inspiron 7579","Intel Core i7 7500U 2.7GHz",12,102426,"2 in 1 Convertible","15.6","IPS Panel Full HD / Touchscreen 1920x1080","512GB SSD","Intel HD Graphics 620","Windows 10","2.19kg","Inspiron.jpg",0,0,"WD4XO","UC150 with Mic","MS116 optical",0
261,"Alienware 15","Intel Core i5 7300HQ 2.5GHz",16,161721,"Gaming","15.6","Full HD 1920x1080","128GB SSD +  1TB HDD","Nvidia GeForce GTX 1060","Windows 10","3.21kg","Alienware 15.jpg",0,0,"KB216 ","UC150 with Mic","MS111 optical",0
154,"Inspiron 7570","Intel Core i5 8250U 1.6GHz",8,82713,"Ultrabook","15.6","IPS Panel Full HD 1920x1080","128GB SSD +  1TB HDD","Nvidia GeForce 940MX","Windows 10","1.9kg","Inspiron 7570.jpg",0,0,"WD4XO","UC150 with Mic","MS116 optical",0
38,"Inspiron 3567","Intel Core i5 7200U 2.5GHz",4,46127,"Notebook","15.6","Full HD 1920x1080","500GB HDD","AMD Radeon R5 M430","Windows 10","2.3kg","Inspiron 3567.jpg",0,0,"WD4XO","UC150 with Mic","MS111 optical",0
28,"Vostro 3568","Intel Core i5 7200U 2.5GHz",4,41148,"Notebook","15.6","1366x768","1TB HDD","Intel HD Graphics 520","Linux","2.18kg","Vostro.jpg",0,0,"WD4XO","UC150 with Mic","MS116 optical",0
34,"Vostro 3568","Intel Core i3 6006U 2.0GHz",4,44045,"Notebook","15.6","1366x768","1TB HDD","Intel HD Graphics 520","Windows 10","2.18kg","Vostro.jpg",0,0,"WD4XO","UC150 with Mic","MS111 optical",0
42,"Inspiron 3567","Intel Core i5 7200U 2.5GHz",4,47223,"Notebook","15.6","Full HD 1920x1080","256GB SSD","AMD Radeon R5 M430","Linux","2.3kg","Inspiron 3567.jpg",5,0,"WD4XO","UC150 with Mic","MS111 optical",0
255,"Latitude E7470","Intel Core i7 6600U 2.6GHz",8,154780,"Ultrabook","14.0","Touchscreen 2560x1440","256GB SSD","Intel HD Graphics 520","Windows 10","1.5kg","Latitude.jpg",0,0,"KB216 ","UC150 with Mic","MS111 optical",0
45,"Inspiron 3179","Intel Core M 7Y30 1.0GHz",4,47546,"2 in 1 Convertible","11.6","Touchscreen 1366x768","128GB SSD","Intel HD Graphics 615","Windows 10","1.39kg","Inspiron.jpg",0,0,"WD4XO","UC150 with Mic","MS111 optical",0
31,"Inspiron 3567","Intel Core i3 6006U 2GHz",4,43026,"Notebook","15.6","1366x768","1TB HDD","AMD Radeon R5 M430","Windows 10","2.2kg","Inspiron 3567.jpg",0,0,"WD4XO","UC150 with Mic","MS116 optical",0
32,"Vostro 3568","Intel Core i3 7100U 2.4GHz",4,43130,"Notebook","15.6","1366x768","128GB SSD","Intel HD Graphics 620","Windows 10","2.18kg","Vostro.jpg",0,0,"WD4XO","UC150 with Mic","MS116 optical",0
35,"Inspiron 3567","Intel Core i5 7200U 2.5GHz",4,44077,"Notebook","15.6","Full HD 1920x1080","1TB HDD","Intel HD Graphics","Windows 10","2.25kg","Inspiron 3567.jpg",0,0,"WD4XO","UC150 with Mic","MS111 optical",0
30,"Inspiron 3567","Intel Core i5 7200U 2.5GHz",8,42575,"Notebook","15.6","1366x768","1TB HDD","Intel HD Graphics 620","Windows 10","2.14kg","Inspiron 3567.jpg",5,0,"WD4XO","UC150 with Mic","MS116 optical",0
8,"Inspiron 3552","Intel Pentium Quad Core N3700 1.6GHz",4,31026,"Notebook","15.6","1366x768","500GB HDD","Intel HD Graphics","Linux","2.2kg","Inspiron 3552.jpg",0,0,"KB216 ","UC300 with Mic","WM118 optical",0
44,"Inspiron 3567","Intel Core i7 7500U 2.7GHz",8,47302,"Notebook","15.6","Full HD 1920x1080","1TB HDD","AMD Radeon R5 M430","Linux","2.2kg","Inspiron 3567.jpg",5,1,"WD4XO","UC150 with Mic","MS111 optical",1
17,"Inspiron 3567","Intel Core i3 7100U 2.4GHz",6,36192,"Notebook","15.6","1366x768","1TB HDD","Intel HD Graphics 620","Windows 10","2.3kg","Inspiron 3567.jpg",0,0,"KB216 ","UC300 with Mic","WM118 optical",0
7,"Inspiron 3552","Intel Celeron Dual Core N3050 1.6GHz",2,29884,"Notebook","15.6","1366x768","500GB HDD","Intel HD Graphics","Windows 10","2.20kg","Inspiron 3552.jpg",0,0,"KB216 ","UC150 with Mic","MS111 optical",0
85,"Inspiron 3576","Intel Core i7 8550U 1.8GHz",8,60541,"Notebook","15.6","Full HD 1920x1080","256GB SSD","AMD Radeon 520","Windows 10","2.13kg","Inspiron 3576.jpg",0,0,"WD4XO","UC150 with Mic","MS116 optical",0
170,"Inspiron 7570","Intel Core i7 8550U 1.8GHz",8,89126,"Notebook","15.6","IPS Panel Full HD 1920x1080","256GB SSD +  1TB HDD","Nvidia GeForce 940MX","Windows 10","2.16kg","Inspiron 7570.jpg",0,0,"KB216 ","UC150 with Mic","MS111 optical",0
4,"Inspiron 3552","Intel Pentium Quad Core N3710 1.6GHz",4,25547,"Notebook","15.6","1366x768","500GB HDD","Intel HD Graphics","Linux","2.2kg","Inspiron 3552.jpg",0,0,"KB216 ","UC150 with Mic","MS111 optical",0
29,"Latitude E5570","Intel Core i5 6200U 2.3GHz",4,41288,"Notebook","15.6","1366x768","500GB HDD","Intel HD Graphics 520","Linux","2.09kg","Latitude.jpg",0,0,"WD4XO","UC150 with Mic","MS116 optical",0
5,"Inspiron 3567","Intel Core i3 6006U 2.0GHz",4,28307,"Notebook","15.6","1366x768","1TB HDD","Intel HD Graphics 520","Linux","2.25kg","Inspiron 3567.jpg",0,0,"KB216 ","UC150 with Mic","MS111 optical",0
18,"Vostro 3568","Intel Core i3 6006U 2GHz",4,36665,"Notebook","15.6","1366x768","1TB HDD","AMD Radeon R5 M420","Linux","2.18kg","Vostro.jpg",0,0,"KB216 ","UC300 with Mic","WM118 optical",0
114,"Inspiron 5570","Intel Core i7 8550U 1.8GHz",8,68599,"Notebook","15.6","Full HD 1920x1080","256GB SSD","AMD Radeon 530","Windows 10","2.2kg","Inspiron 5570.jpg",0,0,"KB216 ","UC150 with Mic","MS111 optical",0
131,"Latitude 5580","Intel Core i5 7300U 2.6GHz",8,73724,"Notebook","15.6","Full HD 1920x1080","500GB HDD","Intel HD Graphics 620","Windows 10","1.9kg","Latitude.jpg",0,0,"KB216 ","UC300 with Mic","MS111 optical",0
124,"Inspiron 5567","Intel Core i7 7500U 2.7GHz",16,70886,"Notebook","15.6","Full HD 1920x1080","256GB SSD","AMD Radeon R7 M445","Linux","2.36kg","Inspiron 5567.jpg",0,0,"KB216 ","UC300 with Mic","MS111 optical",0
71,"Inspiron 3576","Intel Core i7 8550U 1.8GHz",8,57960,"Notebook","15.6","Full HD 1920x1080","256GB SSD","AMD Radeon 520","Linux","2.14kg","Inspiron 3576.jpg",5,1,"KB216 ","UC300 with Mic","WM126 optical red",1
118,"Inspiron 7559","Intel Core i7 6700HQ 2.6GHz",16,69309,"Gaming","15.6","Full HD 1920x1080","1TB HDD","Nvidia GeForce GTX 960<U+039C>","Windows 10","2.59kg","Inspiron 7559.jpg",0,0,"KB216 ","UC150 with Mic","MS111 optical",0
52,"Inspiron 5378","Intel Core i3 7100U 2.4GHz",4,51173,"2 in 1 Convertible","13.3","Full HD / Touchscreen 1920x1080","1TB HDD","Intel HD Graphics 620","Windows 10","1.71kg","Inspiron.jpg",0,0,"KB216 ","UC300 with Mic","WM118 optical",0
94,"Inspiron 5368","Intel Core i7 6500U 2.5GHz",8,62923,"2 in 1 Convertible","13.3","Full HD / Touchscreen 1920x1080","256GB SSD","Intel HD Graphics 520","Windows 10","1.62kg","Inspiron 5368.jpg",0,0,"WD4XO","UC150 with Mic","MS116 optical",0
93,"Inspiron 5570","Intel Core i5 8250U 1.6GHz",8,62875,"Notebook","15.6","Full HD 1920x1080","256GB SSD","AMD Radeon 530","Windows 10","2.2kg","Inspiron 5570.jpg",0,0,"WD4XO","UC150 with Mic","MS116 optical",0
95,"Inspiron 5579","Intel Core i5 8250U 1.6GHz",8,63001,"2 in 1 Convertible","15.6","Full HD / Touchscreen 1920x1080","256GB SSD","Intel UHD Graphics 620","Windows 10","2.67kg","Inspiron.jpg",0,0,"WD4XO","UC150 with Mic","MS116 optical",0
89,"Inspiron 5567","Intel Core i5 7200U 2.5GHz",8,61818,"Notebook","15.6","1366x768","1TB HDD","AMD Radeon R7 M445","Windows 10","2.5kg","Inspiron 5567.jpg",0,0,"WD4XO","UC150 with Mic","MS116 optical",0
77,"Latitude 3180","Intel Pentium Quad Core N4200 1.1GHz",4,58664,"Netbook","11.6","1366x768","128GB SSD","Intel HD Graphics 505","Windows 10","1.63kg","Latitude.jpg",0,0,"KB216 ","UC300 with Mic","WM126 optical red",0
74,"Vostro 5568","Intel Core i3 6006U 2GHz",8,58270,"Notebook","15.6","Full HD 1920x1080","256GB SSD","AMD Radeon R5 M420X","Windows 10","2kg","Vostro.jpg",0,0,"KB216 ","UC300 with Mic","WM126 optical red",0
61,"Inspiron 3576","Intel Core i5 8250U 1.6GHz",8,53409,"Notebook","15.6","Full HD 1920x1080","256GB SSD","AMD Radeon 520","Linux","2.2kg","Inspiron 3576.jpg",0,0,"KB216 ","UC300 with Mic","WM118 optical",0
50,"Inspiron 3567","Intel Core i5 7200U 2.5GHz",4,50385,"Notebook","15.6","Full HD 1920x1080","256GB SSD","AMD Radeon R5 M430","Windows 10","2.3kg","Inspiron 3567.jpg",0,0,"KB216 ","UC300 with Mic","WM118 optical",0
90,"Vostro 3568","Intel Core i5 7200U 2.5GHz",8,62276,"Notebook","15.6","Full HD 1920x1080","256GB SSD","AMD Radeon R5 M420","Windows 10","2.18kg","Vostro.jpg",0,0,"WD4XO","UC150 with Mic","MS116 optical",0
75,"Vostro 3568","Intel Core i7 7500U 2.7GHz",4,58270,"Notebook","15.6","Full HD 1920x1080","256GB SSD","AMD Radeon R5 M420","Windows 10","2.18kg","Vostro.jpg",0,0,"KB216 ","UC300 with Mic","WM126 optical red",0
78,"Inspiron 3567","Intel Core i7 7500U 2.7GHz",8,58743,"Notebook","15.6","Full HD 1920x1080","256GB SSD","AMD Radeon R5 M430","Windows 10","2.2kg","Inspiron 3567.jpg",5,1,"KB216 ","UC300 with Mic","WM126 optical red",1
41,"Inspiron 5567","Intel Core i5 7200U 2.5GHz",8,46483,"Notebook","15.6","1366x768","1TB HDD","AMD Radeon R7 M445","Linux","2.32kg","Inspiron 5567.jpg",5,0,"WD4XO","UC150 with Mic","MS111 optical",0
13,"Inspiron 3552","Intel Pentium Quad Core N3700 1.6GHz",4,35008,"Notebook","15.6","1366x768","500GB HDD","Intel HD Graphics","Windows 10","2.2kg","Inspiron 3552.jpg",0,0,"KB216 ","UC300 with Mic","WM118 optical",0
54,"Inspiron 5368","Intel Core i5 6200U 2.3GHz",8,51173,"Notebook","13.3","Full HD / Touchscreen 1920x1080","1TB HDD","Intel HD Graphics 520","Windows 10","1.62kg","Inspiron 5368.jpg",0,0,"KB216 ","UC300 with Mic","WM118 optical",0
20,"Inspiron 3567","Intel Core i3 7100U 2.4GHz",8,36981,"Notebook","15.6","Touchscreen 1366x768","1TB HDD","Intel HD Graphics 620","Windows 10","2.3kg","Inspiron 3567.jpg",0,0,"DE-KB-2234","UC300 with Mic","WM126 optical red",0
51,"Inspiron 3576","Intel Core i5 8250U 1.6GHz",8,51015,"Notebook","15.6","Full HD 1920x1080","1TB HDD","AMD Radeon 520","Linux","2.2kg","Inspiron 3576.jpg",0,0,"KB216 ","UC300 with Mic","WM118 optical",0
53,"Inspiron 3567","Intel Core i5 7200U 2.5GHz",12,51173,"Notebook","15.6","1366x768","1TB HDD","Intel HD Graphics 620","Windows 10","2.25kg","Inspiron 3567.jpg",5,1,"KB216 ","UC300 with Mic","WM118 optical",1
55,"Vostro 3568","Intel Core i5 7200U 2.5GHz",4,51804,"Notebook","15.6","Full HD 1920x1080","1TB HDD","Intel HD Graphics 620","Windows 10","2.18kg","Vostro.jpg",0,0,"KB216 ","UC300 with Mic","WM118 optical",0
59,"Vostro 3568","Intel Core i3 6006U 2GHz",8,52435,"Notebook","15.6","1366x768","256GB SSD","Intel HD Graphics 520","Windows 10","2kg","Vostro.jpg",0,0,"KB216 ","UC300 with Mic","WM118 optical",0
58,"Inspiron 5570","Intel Core i5 8250U 1.6GHz",8,52277,"Ultrabook","15.6","Full HD 1920x1080","1TB HDD","AMD Radeon 530","Windows 10","1.9kg","Inspiron 5570.jpg",0,0,"KB216 ","UC300 with Mic","WM118 optical",0
64,"Vostro 3568","Intel Core i5 7200U 2.5GHz",4,55830,"Notebook","15.6","1366x768","1TB HDD","Intel HD Graphics 620","Windows 10","2.18kg","Vostro.jpg",0,0,"KB216 ","UC300 with Mic","WM118 optical",0
60,"Inspiron 3576","Intel Core i5 8250U 1.6GHz",8,53223,"Notebook","15.6","Full HD 1920x1080","1TB HDD","AMD Radeon 520","Windows 10","2.2kg","Inspiron 3576.jpg",0,0,"KB216 ","UC300 with Mic","WM118 optical",0
79,"Inspiron 5570","Intel Core i5 8250U 1.6GHz",4,59058,"Notebook","15.6","Full HD 1920x1080","256GB SSD","AMD Radeon 530","Windows 10","2.2kg","Inspiron 5570.jpg",0,0,"KB216 ","UC300 with Mic","WM126 optical red",0
72,"Vostro 5468","Intel Core i3 6006U 2GHz",4,58023,"Notebook","14.0","Full HD 1920x1080","128GB SSD","Intel HD Graphics 520","Windows 10","1.6kg","Vostro.jpg",0,0,"KB216 ","UC300 with Mic","WM126 optical red",0
82,"Vostro 3568","Intel Core i5 7200U 2.5GHz",8,59137,"Notebook","15.6","Full HD 1920x1080","256GB SSD","Intel HD Graphics 620","Windows 10","2.18kg","Vostro.jpg",0,0,"KB216 ","UC300 with Mic","WM126 optical red",0
167,"Latitude 5580","Intel Core i5 7200U 2.5GHz",8,88074,"Notebook","15.6","Full HD 1920x1080","256GB SSD","Intel HD Graphics 620","Windows 10","1.9kg","Latitude.jpg",0,0,"KB216 ","UC150 with Mic","MS111 optical",0
155,"Inspiron 5577","Intel Core i7 7700HQ 2.8GHz",8,83619,"Gaming","15.6","Full HD 1920x1080","128GB SSD +  1TB HDD","Nvidia GeForce GTX 1050","Windows 10","2.56kg","Inspiron 5577.jpg",0,0,"WD4XO","UC150 with Mic","MS116 optical",0
62,"Vostro 3568","Intel Core i5 7200U 2.5GHz",4,54011,"Notebook","15.6","1366x768","1TB HDD","AMD Radeon R5 M420","Windows 10","2.18kg","Vostro.jpg",0,0,"KB216 ","UC300 with Mic","WM118 optical",0
88,"Inspiron 5567","Intel Core i7 7500U 2.7GHz",8,61413,"Notebook","15.6","Full HD 1920x1080","256GB SSD","AMD Radeon R7 M445","Linux","2.33kg","Inspiron 5567.jpg",0,0,"WD4XO","UC150 with Mic","MS116 optical",0
119,"Inspiron 5770","Intel Core i5 8250U 1.6GHz",8,70097,"Notebook","17.3","IPS Panel Full HD 1920x1080","128GB SSD +  1TB HDD","AMD Radeon 530","Linux","2.8kg","Inspiron 5770.jpg",0,0,"KB216 ","UC300 with Mic","MS111 optical",0
121,"Inspiron 5567","Intel Core i5 7200U 2.5GHz",8,70097,"Notebook","15.6","Full HD 1920x1080","256GB SSD","AMD Radeon R7 M445","Windows 10","2.36kg","Inspiron 5567.jpg",0,0,"KB216 ","UC300 with Mic","MS111 optical",0
130,"Inspiron 5370","Intel Core i7 8550U 1.8GHz",8,73478,"Ultrabook","13.3","IPS Panel Full HD 1920x1080","256GB SSD","AMD Radeon 530","Windows 10","1.4kg","Inspiron.jpg",0,0,"KB216 ","UC300 with Mic","MS111 optical",0
108,"Inspiron 5570","Intel Core i7 8550U 1.8GHz",8,67416,"Notebook","15.6","Full HD 1920x1080","128GB SSD +  1TB HDD","Intel UHD Graphics 620","Windows 10","2.02kg","Inspiron 5570.jpg",0,0,"KB216 ","UC150 with Mic","MS111 optical",0
139,"Inspiron 5570","Intel Core i7 8550U 1.8GHz",8,76555,"Notebook","15.6","Full HD 1920x1080","128GB SSD +  2TB HDD","AMD Radeon 530","Windows 10","2.02kg","Inspiron 5570.jpg",0,0,"KB216 ","UC300 with Mic","WM118 optical",0
104,"Vostro 5568","Intel Core i5 7200U 2.5GHz",8,65918,"Notebook","15.6","Full HD 1920x1080","1TB HDD","Intel HD Graphics 620","Windows 10","2.18kg","Vostro.jpg",0,0,"KB216 ","UC150 with Mic","MS111 optical",0
134,"Inspiron 7567","Intel Core i5 7300HQ 2.5GHz",8,74828,"Gaming","15.6","Full HD 1920x1080","1.0TB Hybrid","Nvidia GeForce GTX 1050","Windows 10","2.65kg","Inspiron 7567.jpg",0,0,"KB216 ","UC300 with Mic","MS111 optical",0
109,"Vostro 5468","Intel Core i5 7200U 2.5GHz",8,67732,"Notebook","14.0","Full HD 1920x1080","256GB SSD","Intel HD Graphics 620","Windows 10","1.6kg","Vostro.jpg",0,0,"KB216 ","UC150 with Mic","MS111 optical",0
133,"Vostro 5370","Intel Core i5 8250U 1.6GHz",8,74828,"Ultrabook","13.3","Full HD 1920x1080","256GB SSD","Intel UHD Graphics 620","Windows 10","1.41kg","Vostro.jpg",0,0,"KB216 ","UC300 with Mic","MS111 optical",0
106,"Inspiron 5570","Intel Core i5 8250U 1.6GHz",8,66549,"Notebook","15.6","Full HD 1920x1080","128GB SSD +  1TB HDD","AMD Radeon 530","Windows 10","2.33kg","Inspiron 5570.jpg",0,0,"KB216 ","UC150 with Mic","MS111 optical",0
112,"Latitude 5580","Intel Core i5 7300U 2.6GHz",4,68520,"Notebook","15.6","1366x768","500GB HDD","Intel HD Graphics 620","Linux","1.93kg","Latitude.jpg",0,0,"KB216 ","UC150 with Mic","MS111 optical",0
138,"Vostro 5568","Intel Core i7 7500U 2.7GHz",8,75774,"Notebook","15.6","Full HD 1920x1080","1TB HDD","Nvidia GeForce GT 940MX","Windows 10","1.98kg","Vostro.jpg",0,0,"KB216 ","UC300 with Mic","WM118 optical",0
111,"Inspiron 5767","Intel Core i7 7500U 2.7GHz",8,68205,"Notebook","17.3","Full HD 1920x1080","1TB HDD","AMD Radeon R7 M445","Linux","2.83kg","Inspiron.jpg",0,0,"KB216 ","UC150 with Mic","MS111 optical",0
98,"Latitude 3580","Intel Core i5 7200U 2.5GHz",8,63868,"Notebook","15.6","1366x768","128GB SSD","Intel HD Graphics 620","Windows 10","1.95kg","Latitude.jpg",0,0,"KB216 ","UC150 with Mic","MS116 optical",0
103,"Latitude 5580","Intel Core i5 7200U 2.5GHz",4,65051,"Notebook","15.6","1366x768","500GB HDD","Intel HD Graphics 620","Windows 10","1.9kg","Latitude.jpg",0,0,"KB216 ","UC150 with Mic","MS111 optical",0
129,"Inspiron 7567","Intel Core i7 7700HQ 2.8GHz",8,73251,"Gaming","15.6","Full HD 1920x1080","1TB HDD","Nvidia GeForce GTX 1050Ti","Linux","2.62kg","Inspiron 7567.jpg",0,0,"KB216 ","UC300 with Mic","MS111 optical",0
113,"Inspiron 5379","Intel Core i7 8550U 1.8GHz",8,68521,"2 in 1 Convertible","13.3","Full HD / Touchscreen 1920x1080","256GB SSD","Intel UHD Graphics 620","Windows 10","1.62kg","Inspiron.jpg",0,0,"KB216 ","UC150 with Mic","MS111 optical",0
11,"Inspiron 3567","Intel Core i3 7100U 2.4GHz",6,34615,"Notebook","15.6","Touchscreen 1366x768","1TB HDD","Intel HD Graphics 620","Windows 10","2.3kg","Inspiron 3567.jpg",0,0,"KB216 ","UC300 with Mic","WM118 optical",0
80,"Inspiron 5567","Intel Core i7 7500U 2.7GHz",8,59058,"Notebook","15.6","1366x768","1TB HDD","AMD Radeon R7 M445","Windows 10","2.36kg","Inspiron 5567.jpg",5,0,"KB216 ","UC300 with Mic","WM126 optical red",0
136,"Latitude 3580","Intel Core i5 7200U 2.5GHz",8,75301,"Notebook","15.6","Full HD 1920x1080","1TB HDD","Intel HD Graphics 620","Windows 10","2.06kg","Latitude.jpg",0,0,"KB216 ","UC300 with Mic","WM118 optical",0
137,"Latitude 5580","Intel Core i5 7300U 2.6GHz",4,75617,"Notebook","15.6","1366x768","500GB HDD","Intel HD Graphics 620","Windows 10","1.93kg","Latitude.jpg",0,0,"KB216 ","UC300 with Mic","WM118 optical",0
135,"Inspiron 5370","Intel Core i7 8550U 1.8GHz",8,75301,"Ultrabook","13.3","IPS Panel Full HD 1920x1080","256GB SSD","AMD Radeon 530","Windows 10","1.4kg","Inspiron.jpg",0,0,"KB216 ","UC300 with Mic","WM118 optical",0
110,"Inspiron 5567","Intel Core i7 7500U 2.7GHz",16,67732,"Notebook","15.6","Full HD / Touchscreen 1920x1080","1TB HDD","AMD Radeon R7 M445","Windows 10","2.3kg","Inspiron 5567.jpg",0,0,"KB216 ","UC150 with Mic","MS111 optical",0
125,"Inspiron 5567","Intel Core i7 7500U 2.7GHz",8,70886,"Notebook","15.6","Full HD 1920x1080","256GB SSD","AMD Radeon R7 M445","Windows 10","2.33kg","Inspiron 5567.jpg",0,0,"KB216 ","UC300 with Mic","MS111 optical",0
141,"Inspiron 5770","Intel Core i5 8250U 1.6GHz",8,77194,"Notebook","17.3","IPS Panel Full HD 1920x1080","128GB SSD +  1TB HDD","AMD Radeon 530","Windows 10","2.8kg","Inspiron 5770.jpg",0,0,"DE-KB-2234","UC300 with Mic","WM118 optical",0
126,"XPS 13","Intel Core i5 7200U 2.5GHz",8,70886,"Ultrabook","13.3","IPS Panel Full HD / Touchscreen 1920x1080","128GB SSD","Intel HD Graphics 620","Windows 10","1.29kg","XPS 13.jpg",0,0,"KB216 ","UC300 with Mic","MS111 optical",0
175,"Inspiron 7570","Intel Core i5 8250U 1.6GHz",8,90105,"Notebook","15.6","Full HD 1920x1080","256GB SSD","Nvidia GeForce 940MX","Windows 10","2kg","Inspiron 7570.jpg",0,0,"KB216 ","UC300 with Mic","MS111 optical",0
189,"Latitude E7470","Intel Core i5 6300U 2.4GHz",8,96906,"Notebook","14.0","Full HD 1920x1080","256GB SSD","Intel HD Graphics 520","Windows 10","1.56kg","Latitude.jpg",0,0,"KB216 ","UC300 with Mic","WM118 optical",0
180,"Latitude 5580","Intel Core i5 7300U 2.6GHz",8,92964,"Notebook","15.6","Full HD 1920x1080","256GB SSD","Intel HD Graphics 620","Windows 10","1.9kg","Latitude.jpg",0,0,"KB216 ","UC300 with Mic","MS111 optical",0
157,"Inspiron 5770","Intel Core i7 8550U 1.8GHz",8,85552,"Notebook","17.3","Full HD 1920x1080","128GB SSD +  1TB HDD","AMD Radeon 530","Windows 10","2.8kg","Inspiron 5770.jpg",0,0,"KB216 ","UC150 with Mic","MS111 optical",0
165,"Inspiron 7567","Intel Core i7 7700HQ 2.8GHz",8,86656,"Gaming","15.6","Full HD 1920x1080","1TB HDD","Nvidia GeForce GTX 1050","Windows 10","2.62kg","Inspiron 7567.jpg",0,0,"KB216 ","UC150 with Mic","MS111 optical",0
186,"Latitude 5480","Intel Core i5 7440HQ 2.8GHz",8,95014,"Notebook","14.0","Full HD 1920x1080","256GB SSD","Intel HD Graphics 620","Windows 10","1.6kg","Latitude.jpg",0,0,"KB216 ","UC300 with Mic","WM118 optical",0
161,"Latitude 5590","Intel Core i5 8250U 1.6GHz",8,86432,"Ultrabook","15.6","IPS Panel Full HD 1920x1080","256GB SSD","Intel UHD Graphics 620","Windows 10","1.88kg","Latitude.jpg",0,0,"KB216 ","UC150 with Mic","MS111 optical",0
144,"Inspiron 7567","Intel Core i5 7300HQ 2.5GHz",8,77667,"Gaming","15.6","Full HD 1920x1080","256GB SSD","Nvidia GeForce GTX 1050","Windows 10","2.62kg","Inspiron 7567.jpg",0,0,"DE-KB-2234","UC300 with Mic","WM118 optical",0
178,"Latitude E5270","Intel Core i3 6100U 2.3GHz",4,92015,"Ultrabook","12.5","1366x768","128GB SSD","Intel HD Graphics 520","Windows 7","1.5kg","Latitude.jpg",0,0,"KB216 ","UC300 with Mic","MS111 optical",0
168,"Latitude 5480","Intel Core i5 7200U 2.5GHz",8,88233,"Notebook","14.0","Full HD 1920x1080","128GB SSD","Intel HD Graphics 620 ","Windows 10","1.6kg","Latitude.jpg",0,0,"KB216 ","UC150 with Mic","MS111 optical",0
158,"Inspiron 5770","Intel Core i5 8250U 1.6GHz",8,85552,"Notebook","17.3","Full HD 1920x1080","128GB SSD +  1TB HDD","AMD Radeon 530","Windows 10","2.8kg","Inspiron 5770.jpg",0,0,"KB216 ","UC150 with Mic","MS111 optical",0
162,"Inspiron 5770","Intel Core i7 8550U 1.8GHz",8,86656,"Notebook","17.3","Full HD 1920x1080","128GB SSD +  1TB HDD","AMD Radeon 530","Linux","2.8kg","Inspiron 5770.jpg",0,0,"KB216 ","UC150 with Mic","MS111 optical",0
169,"Latitude 5480","Intel Core i5 7200U 2.5GHz",8,88841,"Notebook","14.0","1366x768","256GB SSD","Intel HD Graphics 620","Windows 10","1.6kg","Latitude.jpg",0,0,"KB216 ","UC150 with Mic","MS111 optical",0
172,"Latitude E5270","Intel Core i3 6100U 2.3GHz",4,89506,"Ultrabook","12.5","1366x768","500GB HDD","Intel HD Graphics 520","Windows 7","1.5kg","Latitude.jpg",0,0,"KB216 ","UC150 with Mic","MS111 optical",0
151,"Latitude E5570","Intel Core i5 6300U 2.4GHz",8,82511,"Notebook","15.6","Full HD 1920x1080","500GB HDD","Intel HD Graphics 520","Windows 10","2.09kg","Latitude.jpg",0,0,"WD4XO","UC150 with Mic","MS116 optical",0
145,"Inspiron 5567","Intel Core i7 7500U 2.7GHz",16,78060,"Notebook","15.6","Full HD 1920x1080","2TB HDD","AMD Radeon R7 M445","Windows 10","2.32kg","Inspiron 5567.jpg",0,0,"DE-KB-2234","UC300 with Mic","WM118 optical",0
153,"Inspiron 5570","Intel Core i7 8550U 1.8GHz",16,82713,"Notebook","15.6","Full HD 1920x1080","256GB SSD +  2TB HDD","AMD Radeon 530","Linux","2.02kg","Inspiron 5570.jpg",0,0,"WD4XO","UC150 with Mic","MS116 optical",0
149,"Latitude 5580","Intel Core i5 7300U 2.6GHz",8,79521,"Notebook","15.6","1366x768","500GB HDD","Intel HD Graphics 620","Windows 10","1.9kg","Latitude.jpg",0,0,"DE-KB-2234","UC300 with Mic","WM118 optical",0
174,"Inspiron 5570","Intel Core i7 8550U 1.8GHz",8,90078,"Notebook","15.6","Full HD 1920x1080","256GB SSD +  2TB HDD","AMD Radeon 530","Windows 10","2.02kg","Inspiron 5570.jpg",0,0,"KB216 ","UC300 with Mic","MS111 optical",0
150,"Vostro 5568","Intel Core i7 7500U 2.7GHz",8,79630,"Notebook","15.6","Full HD 1920x1080","256GB SSD","Nvidia GeForce 940MX","Windows 10","2.18kg","Vostro.jpg",0,0,"DE-KB-2234","UC300 with Mic","WM118 optical",0
163,"Latitude 5480","Intel Core i7 7600U 2.8GHz",8,86656,"Ultrabook","14.0","Full HD 1920x1080","256GB SSD","Intel HD Graphics 620","Linux","1.6kg","Latitude.jpg",0,0,"KB216 ","UC150 with Mic","MS111 optical",0
166,"XPS 13","Intel Core i5 6300U 2.4GHz",8,86656,"Ultrabook","13.3","Quad HD+ / Touchscreen 3200x1800","256GB SSD","Intel HD Graphics 520","Linux","1.23kg","XPS 13.jpg",0,0,"KB216 ","UC150 with Mic","MS111 optical",0
171,"Inspiron 5570","Intel Core i7 8550U 1.8GHz",16,89494,"Notebook","15.6","Full HD 1920x1080","256GB SSD +  2TB HDD","AMD Radeon 530","Windows 10","2.2kg","Inspiron 5570.jpg",0,0,"KB216 ","UC150 with Mic","MS111 optical",0
156,"Latitude E5570","Intel Core i5 6300U 2.4GHz",8,83813,"Notebook","15.6","Full HD 1920x1080","256GB SSD","Intel HD Graphics 520","Windows 7","2.09kg","Latitude.jpg",0,0,"WD4XO","UC150 with Mic","MS116 optical",0
148,"Inspiron 7579","Intel Core i5 7200U 2.5GHz",8,78771,"2 in 1 Convertible","15.6","IPS Panel Full HD / Touchscreen 1920x1080","256GB SSD","Intel HD Graphics 620","Windows 10","2.191kg","Inspiron.jpg",0,0,"DE-KB-2234","UC300 with Mic","WM118 optical",0
107,"Latitude 3380","Intel Core i3 6006U 2GHz",4,66943,"Notebook","13.3","1366x768","500GB HDD","Intel HD Graphics 520","Windows 10","1.65kg","Latitude.jpg",0,0,"KB216 ","UC150 with Mic","MS111 optical",0
188,"Inspiron 5570","Intel Core i7 8550U 1.8GHz",16,96137,"Notebook","15.6","Full HD 1920x1080","256GB SSD +  2TB HDD","AMD Radeon 530","Windows 10","2.2kg","Inspiron 5570.jpg",0,0,"KB216 ","UC300 with Mic","WM118 optical",0
197,"Inspiron 5770","Intel Core i7 8550U 1.8GHz",16,102426,"Notebook","17.3","Full HD 1920x1080","256GB SSD +  2TB HDD","AMD Radeon 530","Windows 10","2.8kg","Inspiron 5770.jpg",0,0,"WD4XO","UC150 with Mic","MS116 optical",0
185,"Inspiron 7378","Intel Core i5 7200U 2.5GHz",8,94541,"2 in 1 Convertible","13.3","IPS Panel Full HD / Touchscreen 1920x1080","256GB SSD","Intel HD Graphics 620","Windows 10","1.6kg","Inspiron.jpg",0,0,"KB216 ","UC300 with Mic","MS111 optical",0
181,"Inspiron 5578","Intel Core i7 7500U 2.7GHz",16,92964,"2 in 1 Convertible","15.6","Full HD / Touchscreen 1920x1080","512GB SSD","Intel HD Graphics 620","Windows 10","2.09kg","Inspiron.jpg",0,0,"KB216 ","UC300 with Mic","MS111 optical",0
147,"Inspiron 7577","Intel Core i5 7300HQ 2.5GHz",8,78771,"Gaming","15.6","Full HD 1920x1080","1TB HDD","Nvidia GeForce GTX 1050","Windows 10","2.65kg","Inspiron 7577.jpg",0,0,"DE-KB-2234","UC300 with Mic","WM118 optical",0
201,"Inspiron 7577","Intel Core i7 7700HQ 2.8GHz",16,106368,"Gaming","15.6","IPS Panel Full HD 1920x1080","128GB SSD +  1TB HDD","Nvidia GeForce GTX 1050 Ti","Windows 10","2.65kg","Inspiron 7577.jpg",0,0,"WD4XO","UC150 with Mic","MS116 optical",0
179,"Latitude 5480","Intel Core i5 7440HQ 2.8GHz",8,92964,"Notebook","14.0","Full HD 1920x1080","256GB SSD","Nvidia GeForce 930MX","Windows 10","1.64kg","Latitude.jpg",0,0,"KB216 ","UC300 with Mic","MS111 optical",0
219,"Inspiron 7567","Intel Core i7 7700HQ 2.8GHz",16,116619,"Gaming","15.6","Full HD 1920x1080","256GB SSD +  1TB HDD","Nvidia GeForce GTX 1050 Ti","Windows 10","2.62kg","Inspiron 7567.jpg",0,0,"WD4XO","UC150 with Mic","MS116 optical",0
220,"Inspiron 7567","Intel Core i7 7700HQ 2.8GHz",8,118117,"Gaming","15.6","4K Ultra HD 3840x2160","128GB SSD +  1TB HDD","Nvidia GeForce GTX 1050 Ti","Windows 10","2.62kg","Inspiron 7567.jpg",0,0,"WD4XO","UC150 with Mic","MS116 optical",0
221,"Inspiron 7577","Intel Core i7 7700HQ 2.8GHz",16,118196,"Gaming","15.6","IPS Panel Full HD 1920x1080","256GB SSD +  1TB HDD","Nvidia GeForce GTX 1060","Windows 10","2.65kg","Inspiron 7577.jpg",0,0,"WD4XO","UC150 with Mic","MS116 optical",0
225,"XPS 13","Intel Core i7 8550U 1.8GHz",8,124504,"Ultrabook","13.3","Full HD 1920x1080","256GB SSD","Intel UHD Graphics 620","Windows 10","1.2kg","XPS 13.jpg",0,0,"WD4XO","UC150 with Mic","MS116 optical",0
211,"Latitude E5270","Intel Core i5 6200U 2.3GHz",8,111422,"Ultrabook","12.5","1366x768","256GB SSD","Intel HD Graphics 520","Windows 7","1.5kg","Latitude.jpg",0,0,"WD4XO","UC150 with Mic","MS116 optical",0
209,"XPS 13","Intel Core i5 8250U 1.6GHz",8,110311,"Ultrabook","13.3","Full HD 1920x1080","256GB SSD","Intel UHD Graphics 620","Windows 10","1.23kg","XPS 13.jpg",0,0,"WD4XO","UC150 with Mic","MS116 optical",0
230,"Latitude 7480","Intel Core i5 7200U 2.5GHz",8,129235,"Ultrabook","14.0","Full HD 1920x1080","256GB SSD","Intel HD Graphics 620","Windows 10","1.36kg","Latitude.jpg",0,0,"KB216 ","UC150 with Mic","MS111 optical",0
215,"XPS 13","Intel Core i5 8250U 1.6GHz",8,114324,"Ultrabook","13.3","Full HD 1920x1080","256GB SSD","Intel UHD Graphics 620","Windows 10","1.2kg","XPS 13.jpg",0,0,"WD4XO","UC150 with Mic","MS116 optical",0
216,"XPS 13","Intel Core i7 7500U 2.7GHz",8,114963,"Ultrabook","13.3","Full HD 1920x1080","256GB SSD","Intel HD Graphics 620","Windows 10","1.29kg","XPS 13.jpg",0,0,"WD4XO","UC150 with Mic","MS116 optical",0
194,"Latitude 5480","Intel Core i5 7300U 2.6GHz",8,100906,"Notebook","14.0","Full HD 1920x1080","256GB SSD","Intel HD Graphics 620","Windows 10","1.64kg","Latitude.jpg",0,0,"WD4XO","UC150 with Mic","MS116 optical",0
196,"Latitude 5590","Intel Core i7 8650U 1.9GHz",8,102347,"Ultrabook","15.6","Full HD 1920x1080","256GB SSD +  256GB SSD","Intel UHD Graphics 620","Windows 10","1.88kg","Latitude.jpg",0,0,"WD4XO","UC150 with Mic","MS116 optical",0
227,"Latitude 5590","Intel Core i7 8650U 1.9GHz",16,126787,"Ultrabook","15.6","Full HD 1920x1080","512GB SSD +  256GB SSD","Intel UHD Graphics 620","Windows 10","1.88kg","Latitude.jpg",0,0,"KB216 ","UC150 with Mic","MS111 optical",0
207,"XPS 13","Intel Core i7 7560U 2.4GHz",8,108734,"Ultrabook","13.3","Full HD 1920x1080","256GB SSD","Intel Iris Plus Graphics 640","Windows 10","1.23kg","XPS 13.jpg",0,0,"WD4XO","UC150 with Mic","MS116 optical",0
193,"Inspiron 5379","Intel Core i7 8550U 1.8GHz",16,100849,"2 in 1 Convertible","13.3","Full HD / Touchscreen 1920x1080","512GB SSD","Intel UHD Graphics 620","Windows 10","1.62kg","Inspiron.jpg",0,0,"WD4XO","UC150 with Mic","MS116 optical",0
222,"XPS 13","Intel Core i5 7200U 2.5GHz",8,118196,"Ultrabook","13.3","Full HD 1920x1080","256GB SSD","Intel HD Graphics 620","Windows 10","1.29kg","XPS 13.jpg",0,0,"WD4XO","UC150 with Mic","MS116 optical",0
226,"XPS 13","Intel Core i5 8250U 1.6GHz",8,126081,"Ultrabook","13.3","IPS Panel 4K Ultra HD / Touchscreen 3840x2160","128GB SSD","Intel UHD Graphics 620","Windows 10","1.21kg","XPS 13.jpg",0,0,"KB216 ","UC150 with Mic","MS111 optical",0
212,"Latitude 5580","Intel Core i5 7300U 2.6GHz",16,112492,"Notebook","15.6","Full HD 1920x1080","512GB SSD","Intel HD Graphics 620","Windows 10","1.93kg","Latitude.jpg",0,0,"WD4XO","UC150 with Mic","MS116 optical",0
217,"Latitude 7280","Intel Core i5 7200U 2.5GHz",8,116082,"Ultrabook","12.5","Full HD / Touchscreen 1920x1080","256GB SSD","Intel HD Graphics","Windows 10","1.36kg","Latitude.jpg",0,0,"WD4XO","UC150 with Mic","MS116 optical",0
228,"XPS 13","Intel Core i5 7200U 2.5GHz",8,128052,"Ultrabook","13.3","Quad HD+ / Touchscreen 3200x1800","256GB SSD","Intel HD Graphics 620","Windows 10","1.29kg","XPS 13.jpg",0,0,"KB216 ","UC150 with Mic","MS111 optical",0
229,"XPS 13","Intel Core i5 8250U 1.6GHz",8,128446,"Ultrabook","13.3","IPS Panel Full HD 1920x1080","256GB SSD","Intel UHD Graphics 620","Windows 10","1.21kg","XPS 13.jpg",0,0,"KB216 ","UC150 with Mic","MS111 optical",0
204,"Latitude 5580","Intel Core i7 7600U 2.8GHz",8,107945,"Notebook","15.6","Full HD 1920x1080","256GB SSD","Nvidia GeForce 930MX","Windows 10","1.93kg","Latitude.jpg",0,0,"WD4XO","UC150 with Mic","MS116 optical",0
206,"XPS 13","Intel Core i7 7560U 2.4GHz",8,108734,"Ultrabook","13.3","Quad HD+ / Touchscreen 3200x1800","256GB SSD","Intel Iris Plus Graphics 640","Windows 10","1.23kg","XPS 13.jpg",0,0,"WD4XO","UC150 with Mic","MS116 optical",0
223,"Latitude 5580","Intel Core i7 7600U 2.8GHz",16,121223,"Notebook","15.6","Full HD 1920x1080","256GB SSD","Nvidia GeForce 930MX","Windows 10","1.93kg","Latitude.jpg",0,0,"WD4XO","UC150 with Mic","MS116 optical",0
192,"XPS 13","Intel Core i7 6500U 2.5GHz",8,99981,"Ultrabook","13.3","Quad HD+ 3200x1800","256GB SSD","Intel HD Graphics 520","Windows 10","1.3kg","XPS 13.jpg",0,0,"KB216 ","UC300 with Mic","WM118 optical",0
202,"Inspiron 7567","Intel Core i7 7700HQ 2.8GHz",16,106368,"Gaming","15.6","Full HD 1920x1080","128GB SSD +  1TB HDD","Nvidia GeForce GTX 1050 Ti","Windows 10","2.6kg","Inspiron 7567.jpg",0,0,"WD4XO","UC150 with Mic","MS116 optical",0
258,"XPS 13","Intel Core i7 7Y75 1.3GHz",8,158732,"2 in 1 Convertible","13.3","Quad HD+ / Touchscreen 3200x1800","512GB SSD","Intel HD Graphics 615","Windows 10","1.24kg","XPS 13.jpg",0,0,"KB216 ","UC150 with Mic","MS111 optical",0
260,"Alienware 17","Intel Core i7 7700HQ 2.7GHz",8,161327,"Notebook","17.3","IPS Panel Full HD 1920x1080","1TB HDD","Nvidia GeForce GTX 1060","Windows 10","4.42kg","Alienware 17.jpg",0,0,"KB216 ","UC150 with Mic","MS111 optical",0
235,"Latitude 7480","Intel Core i7 7600U 2.8GHz",8,132468,"Ultrabook","14.0","Full HD 1920x1080","512GB SSD","Intel HD Graphics","Windows 10","1.36kg","Latitude.jpg",0,0,"KB216 ","UC150 with Mic","MS111 optical",0
291,"Alienware 17","Intel Core i7 7700HQ 2.8GHz",32,288543,"Gaming","17.3","4K Ultra HD 3840x2160","1TB SSD +  1TB HDD","Nvidia GeForce GTX 1070","Windows 10","4.36kg","Alienware 17.jpg",0,0,"KB216 ","UC300 with Mic","MS111 optical",0
248,"Latitude 7280","Intel Core i7 7600U 2.8GHz",16,146582,"Ultrabook","12.5","Full HD 1920x1080","256GB SSD","Intel HD Graphics 620","Windows 10","1.18kg","Latitude.jpg",0,0,"KB216 ","UC150 with Mic","MS111 optical",0
271,"XPS 13","Intel Core i7 8550U 1.8GHz",16,197046,"Ultrabook","13.3","IPS Panel 4K Ultra HD / Touchscreen 3840x2160","1TB SSD","Intel UHD Graphics 620","Windows 10","1.21kg","XPS 13.jpg",0,0,"KB216 ","UC150 with Mic","MS111 optical",0
263,"XPS 13","Intel Core i7 7660U 2.5GHz",16,176624,"Ultrabook","13.3","Quad HD+ / Touchscreen 3200x1800","512GB SSD","Intel Iris Plus Graphics 640","Windows 10","1.29kg","XPS 13.jpg",0,0,"KB216 ","UC150 with Mic","MS111 optical",0
264,"XPS 15","Intel Core i5 6300HQ 2.3GHz",8,177466,"Notebook","15.6","IPS Panel Touchscreen / 4K Ultra HD 3840x2160","256GB SSD","Nvidia GeForce 960M","Windows 10","2.04kg","XPS 15.jpg",0,0,"KB216 ","UC150 with Mic","MS111 optical",0
234,"Inspiron 7567","Intel Core i7 7700HQ 2.8GHz",16,132389,"Gaming","15.6","4K Ultra HD 3840x2160","512GB SSD","Nvidia GeForce GTX 1050 Ti","Windows 10","2.62kg","Inspiron 7567.jpg",0,0,"KB216 ","UC150 with Mic","MS111 optical",0
243,"XPS 13","Intel Core i5 7Y54 1.2GHz",8,142955,"2 in 1 Convertible","13.3","Quad HD+ / Touchscreen 3200x1800","256GB SSD","Intel HD Graphics 615","Windows 10","1.24kg","XPS 13.jpg",0,0,"KB216 ","UC150 with Mic","MS111 optical",0
238,"XPS 15","Intel Core i5 7300HQ 2.5GHz",8,137908,"Notebook","15.6","4K Ultra HD / Touchscreen 3840x2160","256GB SSD","Nvidia GeForce GTX 1050","Windows 10","2.06kg","XPS 15.jpg",0,0,"KB216 ","UC150 with Mic","MS111 optical",0
254,"XPS 13","Intel Core i7 8550U 1.8GHz",8,153678,"Ultrabook","13.3","IPS Panel 4K Ultra HD / Touchscreen 3840x2160","256GB SSD","Intel UHD Graphics 620","Windows 10","1.21kg","XPS 13.jpg",0,0,"KB216 ","UC150 with Mic","MS111 optical",0
233,"Latitude 5289","Intel Core i5 7200U 2.5GHz",8,131679,"2 in 1 Convertible","12.5","Full HD / Touchscreen 1920x1080","256GB SSD","Intel HD Graphics 620","Windows 10","1.34kg","Latitude.jpg",0,0,"KB216 ","UC150 with Mic","MS111 optical",0
253,"XPS 13","Intel Core i7 7Y75 1.3GHz",16,149736,"2 in 1 Convertible","13.3","Quad HD+ / Touchscreen 3200x1800","512GB SSD","Intel HD Graphics 615","Windows 10","1.22kg","XPS 13.jpg",0,0,"KB216 ","UC150 with Mic","MS111 optical",0
240,"Latitude 7480","Intel Core i7 7600U 2.8GHz",8,139958,"Ultrabook","14.0","Full HD 1920x1080","256GB SSD","Intel HD Graphics 620","Windows 10","1.36kg","Latitude.jpg",0,0,"KB216 ","UC150 with Mic","MS111 optical",0
232,"XPS 13","Intel Core i7 7Y75 1.3GHz",16,130023,"2 in 1 Convertible","13.3","Full HD / Touchscreen 1920x1080","256GB SSD","Intel HD Graphics 615","Windows 10","1.22kg","XPS 13.jpg",0,0,"KB216 ","UC150 with Mic","MS111 optical",0
272,"Alienware 17","Intel Core i7 7700HQ 2.8GHz",16,197520,"Gaming","17.3","IPS Panel Full HD 1920x1080","128GB SSD +  1TB HDD","Nvidia GeForce GTX 1060","Windows 10","4.36kg","Alienware 17.jpg",0,0,"KB216 ","UC150 with Mic","MS111 optical",0
256,"Precision 3520","Intel Core i7 6820HQ 2.7GHz",16,155728,"Workstation","15.6","IPS Panel Full HD 1920x1080","256GB SSD","Nvidia Quadro M620","Windows 10","2.17kg","Precision 3520.jpg",0,0,"KB216 ","UC150 with Mic","MS111 optical",0
267,"XPS 15","Intel Core i7 7700HQ 2.8GHz",16,189003,"Notebook","15.6","4K Ultra HD / Touchscreen 3840x2160","512GB SSD","Nvidia GeForce GTX 1050","Windows 10","2.06kg","XPS 15.jpg",0,0,"KB216 ","UC150 with Mic","MS111 optical",0
244,"XPS 15","Intel Core i7 7700HQ 2.8GHz",8,143507,"Notebook","15.6","Full HD 1920x1080","256GB SSD","Nvidia GeForce GTX 1050","Windows 10","2kg","XPS 15.jpg",0,0,"KB216 ","UC150 with Mic","MS111 optical",0
249,"XPS 13","Intel Core i7 8550U 1.8GHz",16,147370,"Ultrabook","13.3","Touchscreen / Quad HD+ 3200x1800","512GB SSD","Intel UHD Graphics 620","Windows 10","1.2kg","XPS 13.jpg",0,0,"KB216 ","UC150 with Mic","MS111 optical",0
273,"XPS 15","Intel Core i7 7700HQ 2.8GHz",32,208085,"Notebook","15.6","4K Ultra HD / Touchscreen 3840x2160","1TB SSD","Nvidia GeForce GTX 1050","Windows 10","2.06kg","XPS 15.jpg",0,0,"KB216 ","UC150 with Mic","MS111 optical",0
251,"XPS 15","Intel Core i7 7700HQ 2.8GHz",16,149736,"Notebook","15.6","Full HD 1920x1080","512GB SSD","Nvidia GeForce GTX 1050","Windows 10","2.06kg","XPS 15.jpg",0,0,"KB216 ","UC150 with Mic","MS111 optical",0
245,"XPS 15","Intel Core i7 7700HQ 2.8GHz",8,144216,"Notebook","15.6","Full HD 1920x1080","256GB SSD","Nvidia GeForce GTX 1050","Windows 10","2kg","XPS 15.jpg",0,0,"KB216 ","UC150 with Mic","MS111 optical",0
241,"Precision 3520","Intel Core i7 7700HQ 2.8GHz",8,140195,"Workstation","15.6","Full HD 1920x1080","1TB HDD","Nvidia Quadro M620","Windows 10","2.23kg","Precision 3520.jpg",0,0,"KB216 ","UC150 with Mic","MS111 optical",0
252,"XPS 13","Intel Core i5 7Y54 1.2GHz",8,149736,"2 in 1 Convertible","13.3","Full HD / Touchscreen 1920x1080","256GB SSD","Intel HD Graphics 615","Windows 10","1.24kg","XPS 13.jpg",0,0,"KB216 ","UC150 with Mic","MS111 optical",0
262,"Precision 5520","Intel Core i7 6820HQ 2.7GHz",8,168344,"Workstation","15.6","IPS Panel Full HD 1920x1080","256GB SSD","Nvidia Quadro M1200","Windows 10","2kg","Precision 5520.jpg",0,0,"KB216 ","UC150 with Mic","MS111 optical",0
265,"XPS 13","Intel Core i7 7500U 2.7GHz",16,177727,"Ultrabook","13.3","Quad HD+ / Touchscreen 3200x1800","1TB SSD","Intel HD Graphics 620","Windows 10","1.2kg","XPS 13.jpg",0,0,"KB216 ","UC150 with Mic","MS111 optical",0
266,"Precision 3520","Intel Core i7 6820HQ 2.7GHz",16,184351,"Workstation","15.6","IPS Panel Full HD 1920x1080","512GB SSD","Nvidia Quadro M620","Windows 10","2.17kg","Precision 3520.jpg",0,0,"KB216 ","UC150 with Mic","MS111 optical",0
236,"Latitude 7280","Intel Core i7 7600U 2.8GHz",8,133256,"Ultrabook","12.5","Full HD 1920x1080","256GB SSD","Intel HD Graphics 620","Windows 10","1.6kg","Latitude.jpg",0,0,"KB216 ","UC150 with Mic","MS111 optical",0
239,"Precision 3520","Intel Core i7 7700HQ 2.8GHz",8,139012,"Workstation","15.6","Full HD / Touchscreen 1920x1080","256GB SSD","Nvidia Quadro M620","Windows 10","2.06kg","Precision 3520.jpg",0,0,"KB216 ","UC150 with Mic","MS111 optical",0
213,"Latitude 7480","Intel Core i5 7300U 2.6GHz",8,112518,"Notebook","14.0","Full HD 1920x1080","256GB SSD","Intel HD Graphics 620","Windows 10","1.36kg","Latitude.jpg",0,0,"WD4XO","UC150 with Mic","MS116 optical",0
69,"Inspiron 3576","Intel Core i5 8250U 1.6GHz",8,57402,"Notebook","15.6","Full HD 1920x1080","256GB SSD","AMD Radeon 520","Windows 10","2.13kg","Inspiron 3576.jpg",0,0,"KB216 ","UC300 with Mic","WM126 optical red",0
287,"Alienware 17","Intel Core i7 7700HQ 2.8GHz",32,248170,"Gaming","17.3","IPS Panel 4K Ultra HD 3840x2160","512GB SSD +  1TB HDD","Nvidia GeForce GTX 1070","Windows 10","4.42kg","Alienware 17.jpg",0,0,"KB216 ","UC150 with Mic","MS111 optical",0
282,"Alienware 17","Intel Core i7 7700HQ 2.8GHz",16,226219,"Gaming","15.6","IPS Panel 4K Ultra HD 3840x2160","256GB SSD +  1TB HDD","Nvidia GeForce GTX 1070","Windows 10","4.42kg","Alienware 17.jpg",0,0,"KB216 ","UC150 with Mic","MS111 optical",0
275,"Alienware 17","Intel Core i7 7700HQ 2.8GHz",16,212816,"Gaming","17.3","IPS Panel Full HD 1920x1080","256GB SSD +  1TB HDD","Nvidia GeForce GTX 1070","Windows 10","4.42kg","Alienware 17.jpg",0,0,"KB216 ","UC150 with Mic","MS111 optical",0
280,"Alienware 17","Intel Core i7 6700HQ 2.6GHz",32,220780,"Gaming","17.3","Full HD 1920x1080","256GB SSD +  1TB HDD","Nvidia GeForce GTX 1070","Windows 10","4.42kg","Alienware 17.jpg",0,0,"KB216 ","UC150 with Mic","MS111 optical",0
289,"Alienware 17","Intel Core i7 7700HQ 2.8GHz",16,248692,"Gaming","17.3","IPS Panel 4K Ultra HD 3840x2160","512GB SSD +  1TB HDD","Nvidia GeForce GTX 1070","Windows 10","4.36kg","Alienware 17.jpg",0,0,"KB216 ","UC150 with Mic","MS111 optical",0
96,"Inspiron 5570","Intel Core i5 8250U 1.6GHz",8,63080,"Notebook","15.6","Full HD 1920x1080","256GB SSD","AMD Radeon 530","Windows 10","2.2kg","Inspiron 5570.jpg",0,0,"WD4XO","UC150 with Mic","MS116 optical",0
281,"Alienware 15","Intel Core i7 7820HK 2.9GHz",16,221864,"Gaming","15.6","Full HD 1920x1080","256GB SSD +  1TB HDD","Nvidia GeForce GTX 1070","Windows 10","3.49kg","Alienware 15.jpg",0,0,"KB216 ","UC150 with Mic","MS111 optical",0
277,"Alienware 17","Intel Core i7 6820HK 2.7GHz",16,217468,"Gaming","17.3","2560x1440","512GB SSD +  1TB HDD","Nvidia GeForce GTX 1080","Windows 10","4.36kg","Alienware 17.jpg",0,0,"KB216 ","UC150 with Mic","MS111 optical",0
105,"Inspiron 5379","Intel Core i7 8550U 1.8GHz",8,66155,"2 in 1 Convertible","13.3","IPS Panel Full HD / Touchscreen 1920x1080","1TB HDD","Intel UHD Graphics 620","Windows 10","1.62kg","Inspiron.jpg",0,0,"KB216 ","UC150 with Mic","MS111 optical",0
67,"Inspiron 5570","Intel Core i5 8250U 1.6GHz",8,56693,"Notebook","15.6","Full HD 1920x1080","128GB SSD +  1TB HDD","AMD Radeon 530","Windows 10","2.2kg","Inspiron 5570.jpg",0,0,"KB216 ","UC300 with Mic","WM126 optical red",0
284,"Alienware 17","Intel Core i7 7700HQ 2.8GHz",16,237556,"Gaming","17.3","IPS Panel Full HD 1920x1080","128GB SSD +  1TB HDD","Nvidia GeForce GTX 1070","Windows 10","4.42kg","Alienware 17.jpg",0,0,"KB216 ","UC150 with Mic","MS111 optical",0
56,"Inspiron 5379","Intel Core i5 8250U 1.6GHz",8,51962,"2 in 1 Convertible","13.3","Full HD / Touchscreen 1920x1080","1TB HDD","Intel UHD Graphics 620","Windows 10","1.55kg","Inspiron.jpg",0,0,"KB216 ","UC300 with Mic","WM118 optical",0
76,"Latitude E5470","Intel Core i3 6100U 2.3GHz",8,58349,"Notebook","14.0","1366x768","128GB SSD","Intel HD Graphics 520","Windows 10","1.79kg","Latitude.jpg",0,0,"KB216 ","UC300 with Mic","WM126 optical red",0
288,"Alienware 17","Intel Core i7 7700HQ 2.8GHz",32,248298,"Gaming","17.3","IPS Panel Full HD 1920x1080","256GB SSD +  1TB HDD","Nvidia GeForce GTX 1070","Windows 10","4.42kg","Alienware 17.jpg",0,0,"KB216 ","UC150 with Mic","MS111 optical",0
84,"Inspiron 5570","Intel Core i5 8250U 1.6GHz",8,59847,"Notebook","15.6","Full HD 1920x1080","2TB HDD","AMD Radeon 530","Windows 10","2.02kg","Inspiron 5570.jpg",0,0,"KB216 ","UC300 with Mic","WM126 optical red",0
276,"Precision M5520","Intel Core i7 7700HQ 2.8GHz",8,213841,"Workstation","15.6","4K Ultra HD / Touchscreen 3840x2160","256GB SSD","Nvidia Quadro M1200","Windows 10","1.78kg","Precision M5520.jpg",0,0,"KB216 ","UC150 with Mic","MS111 optical",0
92,"Inspiron 5568","Intel Core i3 6100U 2.3GHz",4,62763,"2 in 1 Convertible","15.6","IPS Panel Full HD / Touchscreen 1920x1080","1TB HDD","Intel HD Graphics 520","Windows 10","2.08kg","Inspiron.jpg",0,0,"WD4XO","UC150 with Mic","MS116 optical",0
290,"Alienware 17","Intel Core i7 7700HQ 2.8GHz",32,282976,"Gaming","17.3","IPS Panel Full HD 1920x1080","1TB SSD +  1TB HDD","Nvidia GeForce GTX 1070M","Windows 10","4.42kg","Alienware 17.jpg",0,0,"KB216 ","UC300 with Mic","MS111 optical",0
279,"Alienware 17","Intel Core i7 7820HK 2.9GHz",16,220701,"Gaming","17.3","IPS Panel 2560x1440","256GB SSD +  1TB HDD","Nvidia GeForce GTX 1070","Windows 10","4.42kg","Alienware 17.jpg",0,0,"KB216 ","UC150 with Mic","MS111 optical",0
283,"Precision 7720","Intel Core i7 7820HQ 2.9GHz",16,227471,"Workstation","17.3","Full HD 1920x1080","256GB SSD","Nvidia Quadro M1200","Windows 10","3.42kg","Precision 7720.jpg",0,0,"KB216 ","UC150 with Mic","MS111 optical",0
278,"Alienware 15","Intel Core i7 7700HQ 2.8GHz",16,218779,"Gaming","15.6","Full HD 1920x1080","256GB SSD +  1TB HDD","Nvidia GeForce GTX 1070","Windows 10","3.21kg","Alienware 15.jpg",0,0,"KB216 ","UC150 with Mic","MS111 optical",0
285,"Precision 7520","Intel Xeon E3-1505M V6 3GHz",16,240886,"Workstation","15.6","4K Ultra HD 3840x2160","256GB SSD +  1TB HDD","Nvidia Quadro M1200","Windows 10","2.8kg","Precision 7520.jpg",0,0,"KB216 ","UC150 with Mic","MS111 optical",0
274,"XPS 13","Intel Core i7 7500U 2.7GHz",16,211318,"Ultrabook","13.3","Quad HD+ / Touchscreen 3200x1800","512GB SSD","Intel HD Graphics 620","Windows 10","1.2kg","XPS 13.jpg",0,0,"KB216 ","UC150 with Mic","MS111 optical",0
286,"Alienware 17","Intel Core i7 7700HQ 2.8GHz",32,242297,"Gaming","17.3","IPS Panel Full HD 1920x1080","512GB SSD +  1TB HDD","Nvidia GeForce GTX 1070","Windows 10","4.42kg","Alienware 17.jpg",0,0,"KB216 ","UC150 with Mic","MS111 optical",0
231,"XPS 13","Intel Core i7 8550U 1.8GHz",8,130023,"Ultrabook","13.3","IPS Panel Full HD 1920x1080","256GB SSD","Intel UHD Graphics 620","Windows 10","1.21kg","XPS 13.jpg",0,0,"KB216 ","UC150 with Mic","MS111 optical",0
203,"Precision 3510","Intel Core i5 6440HQ 2.6GHz",8,107945,"Workstation","15.6","Full HD 1920x1080","500GB HDD","AMD FirePro W5130M","Windows 10","2.23kg","Precision 3510.jpg",0,0,"WD4XO","UC150 with Mic","MS116 optical",0
68,"Vostro 5568","Intel Core i5 7200U 2.5GHz",8,57245,"Notebook","15.6","Full HD 1920x1080","1TB HDD","Intel HD Graphics 620","Linux","1.98kg","Vostro.jpg",0,0,"KB216 ","UC300 with Mic","WM126 optical red",0
224,"Inspiron 7773","Intel Core i7 8550U 1.8GHz",16,122138,"Notebook","17.3","Full HD / Touchscreen 1920x1080","512GB SSD","Nvidia GeForce 150MX","Windows 10","2.77kg","Inspiron 7773.jpg",0,0,"WD4XO","UC150 with Mic","MS116 optical",0
250,"XPS 13","Intel Core i5 8250U 1.6GHz",8,147370,"Ultrabook","13.3","Quad HD+ / Touchscreen 3200x1800","256GB SSD","Intel UHD Graphics 620","Windows 10","1.23kg","XPS 13.jpg",0,0,"KB216 ","UC150 with Mic","MS111 optical",0
43,"Inspiron 3567","Intel Core i5 7200U 2.5GHz",4,47231,"Notebook","15.6","1366x768","500GB HDD","AMD Radeon R5 M430","Windows 10","2.25kg","Inspiron 3567.jpg",0,0,"WD4XO","UC150 with Mic","MS111 optical",0
36,"Inspiron 3567","Intel Core i5 7200U 2.5GHz",8,44550,"Notebook","15.6","Full HD 1920x1080","1TB HDD","AMD Radeon R5 M430","Windows 10","2.24kg","Inspiron 3567.jpg",5,0,"WD4XO","UC150 with Mic","MS111 optical",0
199,"Inspiron 7378","Intel Core i7 7500U 2.7GHz",12,102426,"2 in 1 Convertible","13.3","IPS Panel Full HD / Touchscreen 1920x1080","256GB SSD","Intel HD Graphics 620","Windows 10","1.6kg","Inspiron.jpg",0,0,"WD4XO","UC150 with Mic","MS116 optical",0
140,"XPS 13","Intel Core i5 8250U 1.6GHz",8,77194,"Ultrabook","13.3","IPS Panel Full HD / Touchscreen 1920x1080","128GB SSD","Intel UHD Graphics 620","Windows 10","1.22kg","XPS 13.jpg",0,0,"DE-KB-2234","UC300 with Mic","WM118 optical",0
1,"Inspiron 3552","Intel Celeron Dual Core N3060 1.6GHz",4,21675,"Notebook","15.6","1366x768","500GB HDD","Intel HD Graphics","Linux","2.2kg","Inspiron 3552.jpg",0,0,"WD4XO","UC150 with Mic","MS116 optical",0
102,"Inspiron 5577","Intel Core i5 7300HQ 2.5GHz",8,64578,"Gaming","15.6","Full HD 1920x1080","1TB HDD","Nvidia GeForce GTX 1050","Windows 10","2.56kg","Inspiron 5577.jpg",0,0,"KB216 ","UC150 with Mic","MS116 optical",0
146,"Inspiron 7773","Intel Core i5 8250U 1.6GHz",12,78771,"2 in 1 Convertible","17.3","Full HD / Touchscreen 1920x1080","1TB HDD","Nvidia GeForce 150MX","Windows 10","2.77kg","Inspiron 7773.jpg",0,0,"DE-KB-2234","UC300 with Mic","WM118 optical",0
214,"XPS 13","Intel Core i7 8550U 1.8GHz",8,114253,"Ultrabook","13.3","Full HD 1920x1080","256GB SSD","Intel UHD Graphics 620","Windows 10","1.2kg","XPS 13.jpg",0,0,"WD4XO","UC150 with Mic","MS116 optical",0
99,"Inspiron 5370","Intel Core i5 8250U 1.6GHz",4,64526,"Ultrabook","13.3","IPS Panel Full HD 1920x1080","256GB SSD","AMD Radeon 530","Windows 10","1.4kg","Inspiron.jpg",0,0,"KB216 ","UC150 with Mic","MS116 optical",0
195,"Inspiron 5579","Intel Core i7 8550U 1.8GHz",16,101322,"2 in 1 Convertible","15.6","Full HD / Touchscreen 1920x1080","512GB SSD","Intel UHD Graphics 620","Windows 10","2kg","Inspiron.jpg",0,0,"WD4XO","UC150 with Mic","MS116 optical",0
66,"Vostro 3568","Intel Core i5 7200U 2.5GHz",8,56298,"Notebook","15.6","1366x768","128GB SSD","Intel HD Graphics 620","Windows 10","2.18kg","Vostro.jpg",0,0,"KB216 ","UC300 with Mic","WM118 optical",0
187,"Inspiron 7560","Intel Core i7 7500U 2.7GHz",8,95171,"Notebook","15.6","Full HD 1920x1080","128GB SSD +  1TB HDD","Nvidia GeForce 940MX","Windows 10","2.0kg","Inspiron 7560.jpg",0,0,"KB216 ","UC300 with Mic","WM118 optical",0
40,"Vostro 3568","Intel Core i3 7100U 2.4GHz",4,46253,"Notebook","15.6","1366x768","1TB HDD","Intel HD Graphics 620","Windows 10","2.18kg","Vostro.jpg",0,0,"WD4XO","UC150 with Mic","MS111 optical",0
205,"Latitude 5580","Intel Core i5 7440HQ 2.8GHz",8,108576,"Notebook","15.6","Full HD 1920x1080","256GB SSD","Intel HD Graphics 620","Windows 10","1.9kg","Latitude.jpg",0,0,"WD4XO","UC150 with Mic","MS116 optical",0
142,"Inspiron 5570","Intel Core i7 8550U 1.8GHz",8,77194,"Notebook","15.6","Full HD 1920x1080","128GB SSD +  1TB HDD","AMD Radeon 530","Windows 10","2.36kg","Inspiron 5570.jpg",0,0,"DE-KB-2234","UC300 with Mic","WM118 optical",0
37,"Vostro 3568","Intel Core i5 7200U 2.5GHz",4,44865,"Notebook","15.6","Full HD 1920x1080","128GB SSD","AMD Radeon R5 M420","Linux","2.18kg","Vostro.jpg",0,0,"WD4XO","UC150 with Mic","MS111 optical",0
116,"Vostro 5471","Intel Core i5 8250U 1.6GHz",8,69309,"Ultrabook","14.0","Full HD 1920x1080","256GB SSD","Intel UHD Graphics 620","Windows 10","1.7kg","Vostro.jpg",0,0,"KB216 ","UC150 with Mic","MS111 optical",0
14,"Inspiron 3567","Intel Core i3 6006U 2GHz",4,35403,"Notebook","15.6","Full HD 1920x1080","1TB HDD","AMD Radeon R5 M430","Windows 10","2.2kg","Inspiron 3567.jpg",0,0,"KB216 ","UC300 with Mic","WM118 optical",0
23,"Inspiron 3567","Intel Core i3 6006U 2GHz",4,38242,"Notebook","15.6","Full HD 1920x1080","256GB SSD","AMD Radeon R5 M430","Linux","2.2kg","Inspiron 3567.jpg",0,0,"DE-KB-2234","UC300 with Mic","WM126 optical red",0
123,"Inspiron 7567","Intel Core i7 7700HQ 2.8GHz",8,70886,"Gaming","15.6","Full HD 1920x1080","1.0TB Hybrid","Nvidia GeForce GTX 1050","Windows 10","2.62kg","Inspiron 7567.jpg",0,0,"KB216 ","UC300 with Mic","MS111 optical",0
270,"Alienware 17","Intel Core i7 7700HQ 2.8GHz",16,193682,"Gaming","17.3","IPS Panel Full HD 1920x1080","256GB SSD +  1TB HDD","Nvidia GeForce GTX 1060","Windows 10","4.42kg","Alienware 17.jpg",0,0,"KB216 ","UC150 with Mic","MS111 optical",0
247,"Inspiron 7577","Intel Core i7 7700HQ 2.8GHz",16,145478,"Gaming","15.6","IPS Panel 4K Ultra HD 3840x2160","512GB SSD +  1TB HDD","Nvidia GeForce GTX 1060","Windows 10","2.65kg","Inspiron 7577.jpg",0,0,"KB216 ","UC150 with Mic","MS111 optical",0
269,"Precision M5520","Intel Core i7 7700HQ 2.8GHz",8,189870,"Workstation","15.6","Full HD 1920x1080","256GB SSD","Nvidia Quadro M1200","Windows 10","1.78kg","Precision M5520.jpg",0,0,"KB216 ","UC150 with Mic","MS111 optical",0
257,"Precision 3520","Intel Xeon E3-1505M V6 3GHz",8,157148,"Workstation","15.6","Full HD 1920x1080","64GB Flash Storage +  1TB HDD","Nvidia Quadro M620","Windows 10","2.23kg","Precision 3520.jpg",0,0,"KB216 ","UC150 with Mic","MS111 optical",0
237,"Latitude E7270","Intel Core i5 6300U 2.4GHz",8,135099,"Ultrabook","12.5","Full HD / Touchscreen 1920x1080","256GB SSD","Intel HD Graphics 520","Windows 7","1.26kg","Latitude.jpg",0,0,"KB216 ","UC150 with Mic","MS111 optical",0
268,"XPS 15","Intel Core i7 7700HQ 2.8GHz",16,189161,"Notebook","15.6","4K Ultra HD / Touchscreen 3840x2160","1TB SSD","Nvidia GeForce GTX 1050","Windows 10","2.06kg","XPS 15.jpg",0,0,"KB216 ","UC150 with Mic","MS111 optical",0
191,"Inspiron 7570","Intel Core i7 8550U 1.8GHz",8,99508,"Notebook","15.6","IPS Panel Full HD 1920x1080","512GB SSD","Nvidia GeForce 940MX","Windows 10","2.16kg","Inspiron 7570.jpg",0,0,"KB216 ","UC300 with Mic","WM118 optical",0
208,"Inspiron 5770","Intel Core i7 8550U 1.8GHz",16,110074,"Notebook","17.3","Full HD 1920x1080","256GB SSD +  2TB HDD","AMD Radeon 530","Windows 10","2.8kg","Inspiron 5770.jpg",0,0,"WD4XO","UC150 with Mic","MS116 optical",0
210,"XPS 13","Intel Core i7 8550U 1.8GHz",8,110311,"Ultrabook","13.3","Quad HD+ / Touchscreen 3200x1800","256GB SSD","Intel UHD Graphics 620","Windows 10","1.2kg","XPS 13.jpg",0,0,"WD4XO","UC150 with Mic","MS116 optical",0
97,"Inspiron 3567","Intel Core i7 7500U 2.7GHz",8,63552,"Notebook","15.6","1366x768","1TB HDD","AMD Radeon R5 M430","Linux","2.3kg","Inspiron 3567.jpg",0,0,"KB216 ","UC150 with Mic","MS116 optical",0
21,"Inspiron 3168","Intel Pentium Quad Core N3710 1.6GHz",4,37769,"2 in 1 Convertible","11.6","Touchscreen 1366x768","500GB HDD","Intel HD Graphics 405","Windows 10","1.47kg","Inspiron.jpg",0,0,"DE-KB-2234","UC300 with Mic","WM126 optical red",0
164,"Inspiron 7559","Intel Core i7 6700HQ 2.6GHz",16,86656,"Gaming","15.6","IPS Panel Touchscreen / 4K Ultra HD 3840x2160","128GB SSD +  1TB HDD","Nvidia GeForce GTX 960M","Windows 10","2.72kg","Inspiron 7559.jpg",0,0,"KB216 ","UC150 with Mic","MS111 optical",0
177,"Inspiron 7577","Intel Core i7 7700HQ 2.8GHz",8,91387,"Gaming","15.6","IPS Panel Full HD 1920x1080","128GB SSD +  1TB HDD","Nvidia GeForce GTX 1050 Ti","Windows 10","2.62kg","Inspiron 7577.jpg",0,0,"KB216 ","UC300 with Mic","MS111 optical",0
57,"Insprion 5767","Intel Core i3 6006U 2.0GHz",4,51962,"Notebook","17.3","1600x900","1TB HDD","AMD Radeon R7 M445","Windows 10","2.36kg","Inspiron.jpg",0,0,"KB216 ","UC300 with Mic","WM118 optical",0
246,"Latitude 7390","Intel Core i5 8250U 1.6GHz",8,145229,"Ultrabook","13.3","Full HD / Touchscreen 1920x1080","256GB SSD","Intel UHD Graphics 620","Windows 10","1.42kg","Latitude.jpg",0,0,"KB216 ","UC150 with Mic","MS111 optical",0
132,"Latitude 5580","Intel Core i5 7200U 2.5GHz",8,74513,"Notebook","15.6","Full HD 1920x1080","128GB SSD","Intel HD Graphics 620","Windows 10","1.9kg","Latitude.jpg",0,0,"KB216 ","UC300 with Mic","MS111 optical",0
159,"Latitude 5480","Intel Core i5 7440HQ 2.8GHz",8,85867,"Notebook","14.0","Full HD 1920x1080","256GB SSD","Nvidia GeForce 930MX","Linux","1.64kg","Latitude.jpg",0,0,"KB216 ","UC150 with Mic","MS111 optical",0
100,"Inspiron 5379","Intel Core i5 8250U 1.6GHz",8,64578,"2 in 1 Convertible","13.3","Full HD / Touchscreen 1920x1080","256GB SSD","Intel UHD Graphics 620","Windows 10","1.62kg","Inspiron.jpg",0,0,"KB216 ","UC150 with Mic","MS116 optical",0
218,"XPS 13","Intel Core i7 7500U 2.7GHz",8,116461,"Ultrabook","13.3","Quad HD+ / Touchscreen 3200x1800","256GB SSD","Intel HD Graphics 620","Windows 10","1.29kg","XPS 13.jpg",0,0,"WD4XO","UC150 with Mic","MS116 optical",0
73,"Vostro 3559","Intel Core i5 6200U 2.3GHz",4,58112,"Notebook","15.6","1366x768","500GB HDD","Intel HD Graphics 520","Windows 7","2.24kg","Vostro.jpg",0,0,"KB216 ","UC300 with Mic","WM126 optical red",0
184,"Inspiron 7567","Intel Core i7 7700HQ 2.8GHz",8,94541,"Gaming","15.6","Full HD 1920x1080","1TB HDD","Nvidia GeForce GTX 1050Ti","Windows 10","2.62kg","Inspiron 7567.jpg",0,0,"KB216 ","UC300 with Mic","MS111 optical",0
47,"Vostro 3568","Intel Core i3 6006U 2GHz",4,48721,"Notebook","15.6","1366x768","1TB HDD","AMD Radeon R5 M420","Windows 10","2.18kg","Vostro.jpg",0,0,"WD4XO","UC150 with Mic","MS111 optical",0
49,"Inspiron 5567","Intel Core i5 7200U 2.5GHz",8,50384,"Notebook","15.6","1366x768","1TB HDD","AMD Radeon R7 M445","Windows 10","2.36kg","Inspiron 5567.jpg",0,0,"KB216 ","UC300 with Mic","WM118 optical",0
27,"Inspiron 5578","Intel Core i3 7100U 2.4GHz",4,40134,"2 in 1 Convertible","15.0","Full HD / Touchscreen 1920x1080","500GB HDD","Intel HD Graphics 620","Windows 10","2.08kg","Inspiron.jpg",0,0,"WD4XO","UC150 with Mic","MS116 optical",0
128,"Inspiron 5570","Intel Core i7 8550U 1.8GHz",8,72463,"Notebook","15.6","Full HD 1920x1080","256GB SSD","AMD Radeon 530","Windows 10","2.2kg","Inspiron 5570.jpg",0,0,"KB216 ","UC300 with Mic","MS111 optical",0
173,"Inspiron 5770","Intel Core i7 8550U 1.8GHz",8,90046,"Notebook","17.3","Full HD 1920x1080","128GB SSD +  1TB HDD","AMD Radeon 530","Windows 10","2.8kg","Inspiron 5770.jpg",0,0,"KB216 ","UC300 with Mic","MS111 optical",0
143,"Inspiron 5570","Intel Core i7 8550U 1.8GHz",8,77667,"Notebook","15.6","Full HD 1920x1080","128GB SSD +  2TB HDD","AMD Radeon 530","Windows 10","2.2kg","Inspiron 5570.jpg",0,0,"DE-KB-2234","UC300 with Mic","WM118 optical",0
259,"XPS 15","Intel Core i7 7700HQ 2.8GHz",16,159862,"Notebook","15.6","4K Ultra HD / Touchscreen 3840x2160","512GB SSD","Nvidia GeForce GTX 1050","Windows 10","2.06kg","XPS 15.jpg",0,0,"KB216 ","UC150 with Mic","MS111 optical",0
101,"Inspiron 5579","Intel Core i7 8550U 1.8GHz",8,64578,"2 in 1 Convertible","15.6","IPS Panel Full HD / Touchscreen 1920x1080","1TB HDD","Intel UHD Graphics 620","Windows 10","2.08kg","Inspiron.jpg",0,0,"KB216 ","UC150 with Mic","MS116 optical",0
242,"Inspiron 7779","Intel Core i7 7500U 2.7GHz",16,141851,"2 in 1 Convertible","17.3","Full HD / Touchscreen 1920x1080","512GB SSD","Nvidia GeForce 940MX","Windows 10","2.77kg","Inspiron.jpg",0,0,"KB216 ","UC150 with Mic","MS111 optical",0
160,"Inspiron 5578","Intel Core i5 7200U 2.7GHz",8,86261,"2 in 1 Convertible","15.6","IPS Panel Full HD / Touchscreen 1920x1080","256GB SSD","Intel HD Graphics 620","Windows 10","2.3kg","Inspiron.jpg",0,0,"KB216 ","UC150 with Mic","MS111 optical",0
120,"Inspiron 5378","Intel Core i5 7200U 2.5GHz",8,70097,"2 in 1 Convertible","13.3","Full HD / Touchscreen 1920x1080","256GB SSD","Intel HD Graphics 620","Windows 10","1.68kg","Inspiron.jpg",0,0,"KB216 ","UC300 with Mic","MS111 optical",0
86,"Vostro 3559","Intel Core i5 6200U 2.3GHz",4,60647,"Notebook","15.6","1366x768","500GB HDD","AMD Radeon R5 M315","Windows 7","2.24kg","Vostro.jpg",0,0,"WD4XO","UC150 with Mic","MS116 optical",0
16,"Inspiron 3567","Intel Core i3 7100U 2.4GHz",8,36192,"Notebook","15.6","1366x768","1TB HDD","Intel HD Graphics 620","Windows 10","2.3kg","Inspiron 3567.jpg",0,0,"KB216 ","UC300 with Mic","WM118 optical",0
15,"Vostro 3568","Intel Core i3 6006U 2.0GHz",4,35931,"Notebook","15.6","1366x768","1TB HDD","AMD Radeon R5 M420X","Linux","2.18kg","Vostro.jpg",0,0,"KB216 ","UC300 with Mic","WM118 optical",0
115,"Latitude 5480","Intel Core i5 7200U 2.5GHz",4,68993,"Notebook","14.0","1366x768","500GB HDD","Intel HD Graphics 620","Windows 10","1.6kg","Latitude.jpg",0,0,"KB216 ","UC150 with Mic","MS111 optical",0
70,"Latitude 3580","Intel Core i5 6200U 2.3GHz",4,57552,"Notebook","15.6","1366x768","500GB HDD","Intel HD Graphics 520","Windows 10","1.95kg","Latitude.jpg",0,0,"KB216 ","UC300 with Mic","WM126 optical red",0
