price,processor,ram
63490,Intel Core i5 9,8
119990,Intel Core i7 9,16
59990,Intel Core i5 8,8
62990,Intel Core i5 9,8
66990,Intel Core i7 9,8
49990,Intel Core i5 8,8
54990,Intel Core i5 8,8
59990,Intel Core i5 9,8
59990,Intel Core i5 9,8
74990,Intel Core i7 9,8
56990,Intel Core i5 8,8
99990,Intel Core i7 9,16
64990,Intel Core i5 9,8
68990,Intel Core i5 9,8
154990,Intel Core i7 9,16
84990,Intel Core i7 9,8
60990,Intel Core i5 8,8
56490,Intel Core i5 9,8
63490,Intel Core i5 9,8
49990,Intel Core i5 8,8
66990,Intel Core i7 9,8
59990,Intel Core i5 8,8
59990,Intel Core i5 9,8
62990,Intel Core i5 9,8
54990,Intel Core i5 8,8
59990,Intel Core i5 9,8
119990,Intel Core i7 9,16
99990,Intel Core i7 9,16
74990,Intel Core i7 9,8
68990,Intel Core i5 9,8
64990,Intel Core i5 9,8
56490,Intel Core i5 9,8
75990,Intel Core i5 9,8
60990,Intel Core i5 8,8
87990,Intel Core i7 9,8
84990,Intel Core i7 9,8
63490,Intel Core i5 9,8
49990,Intel Core i5 8,8
66990,Intel Core i7 9,8
59990,Intel Core i5 8,8
59990,Intel Core i5 9,8
62990,Intel Core i5 9,8
54990,Intel Core i5 8,8
59990,Intel Core i5 9,8
119990,Intel Core i7 9,16
99990,Intel Core i7 9,16
74990,Intel Core i7 9,8
68990,Intel Core i5 9,8
64990,Intel Core i5 9,8
56490,Intel Core i5 9,8
75990,Intel Core i5 9,8
60990,Intel Core i5 8,8
87990,Intel Core i7 9,8
84990,Intel Core i7 9,8
